{"stats":{"minecraft:dropped":{"minecraft:netherite_pickaxe":3,"minecraft:milk_bucket":1,"minecraft:light_gray_concrete":2,"refurbished_furniture:computer":1},"minecraft:mined":{"minecraft:quartz_block":2992},"minecraft:used":{"refurbished_furniture:dark_electricity_generator":11,"minecraft:dark_oak_planks":57,"minecraft:netherite_sword":9,"minecraft:light_gray_concrete":62,"minecraft:quartz_slab":1,"minecraft:grass_block":10,"minecraft:oak_sign":6,"minecraft:stone_button":287,"minecraft:quartz_block":603,"refurbished_furniture:light_microwave":2,"refurbished_furniture:black_kitchen_storage_cabinet":1,"minecraft:dark_oak_slab":1696,"minecraft:smooth_quartz":13,"refurbished_furniture:light_electricity_generator":1,"refurbished_furniture:dark_microwave":1,"refurbished_furniture:dark_stove":2,"minecraft:dirt":5,"refurbished_furniture:dark_fridge":1,"minecraft:spruce_stairs":68,"minecraft:netherite_pickaxe":2992,"refurbished_furniture:television":1,"refurbished_furniture:computer":357,"refurbished_furniture:oak_chair":210},"minecraft:picked_up":{"refurbished_furniture:computer":1,"minecraft:stone_button":19,"minecraft:netherite_pickaxe":3,"minecraft:quartz_block":3644,"minecraft:light_gray_concrete":2,"minecraft:quartz_slab":1,"minecraft:oak_sign":2},"minecraft:killed":{"minecraft:trader_llama":2,"minecraft:wandering_trader":1},"minecraft:custom":{"minecraft:time_since_rest":251923,"minecraft:sprint_one_cm":101873,"minecraft:walk_one_cm":691003,"minecraft:damage_taken":40,"minecraft:mob_kills":3,"minecraft:drop":7,"minecraft:damage_dealt":876,"minecraft:fly_one_cm":1985943,"minecraft:play_time":458119,"minecraft:crouch_one_cm":5376,"minecraft:deaths":4,"minecraft:sneak_time":4156,"minecraft:jump":1031,"minecraft:leave_game":5,"minecraft:time_since_death":251892,"minecraft:total_world_time":458119,"minecraft:fall_one_cm":700}},"DataVersion":3955}