{"stats":{"minecraft:custom":{"minecraft:time_since_rest":474905,"minecraft:crouch_one_cm":408,"minecraft:sprint_one_cm":262976,"minecraft:play_time":474905,"minecraft:walk_one_cm":1065498,"minecraft:sneak_time":1143,"minecraft:aviate_one_cm":55557,"minecraft:jump":1111,"minecraft:leave_game":3,"minecraft:time_since_death":474905,"minecraft:total_world_time":577445,"minecraft:fly_one_cm":3280327},"minecraft:used":{"refurbished_furniture:dark_electricity_generator":21,"minecraft:firework_rocket":8,"minecraft:quartz_slab":160,"minecraft:light_gray_concrete":1198,"minecraft:grass_block":61,"minecraft:oak_sign":24,"minecraft:stone_button":537,"minecraft:quartz_block":1638,"minecraft:dark_oak_slab":3469,"refurbished_furniture:computer":590,"refurbished_furniture:oak_chair":604},"minecraft:picked_up":{"minecraft:oak_sign":6,"minecraft:stone_button":43}},"DataVersion":3955}