{"stats":{"minecraft:picked_up":{"minecraft:dark_oak_slab":4,"refurbished_furniture:computer":2,"minecraft:stone_button":31,"minecraft:grass_block":1,"minecraft:redstone":1,"minecraft:netherite_pickaxe":1,"minecraft:dark_oak_planks":1,"minecraft:quartz_block":3,"minecraft:light_gray_concrete":2,"minecraft:quartz_slab":1,"minecraft:command_block":3,"minecraft:oak_sign":1,"refurbished_furniture:television":2,"minecraft:blade_pottery_sherd":2,"refurbished_furniture:cheese_sandwich":1,"minecraft:dark_oak_stairs":2},"minecraft:dropped":{"minecraft:shield":1,"refurbished_furniture:cheese_sandwich":1},"minecraft:used":{"minecraft:dark_oak_stairs":13,"refurbished_furniture:dark_electricity_generator":4,"refurbished_furniture:dark_toaster":3,"refurbished_furniture:acacia_dark_ceiling_fan":2,"minecraft:quartz_slab":314,"minecraft:command_block":148,"minecraft:dark_oak_hanging_sign":1,"minecraft:light_gray_concrete":472,"minecraft:grass_block":58,"minecraft:oak_stairs":11,"minecraft:redstone":6,"minecraft:oak_sign":1,"minecraft:stone_button":193,"minecraft:quartz_block":1123,"minecraft:decorated_pot":2,"refurbished_furniture:black_kitchen_storage_cabinet":2,"minecraft:dark_oak_slab":798,"refurbished_furniture:light_electricity_generator":2,"minecraft:blade_pottery_sherd":2,"refurbished_furniture:cheese_sandwich":1,"minecraft:dark_oak_trapdoor":4,"refurbished_furniture:dark_oak_mail_box":1,"refurbished_furniture:television":1,"refurbished_furniture:computer":67},"minecraft:custom":{"minecraft:time_since_rest":43641,"minecraft:sprint_one_cm":79952,"minecraft:walk_one_cm":306087,"minecraft:drop":2,"minecraft:fly_one_cm":829873,"minecraft:play_time":200178,"minecraft:crouch_one_cm":181,"minecraft:deaths":2,"minecraft:sneak_time":922,"minecraft:jump":322,"minecraft:leave_game":3,"minecraft:time_since_death":43579,"minecraft:total_world_time":200486}},"DataVersion":3955}