{"stats":{"minecraft:mined":{"minecraft:quartz_block":4325,"minecraft:light_gray_concrete":66},"minecraft:dropped":{"minecraft:netherite_pickaxe":1,"minecraft:quartz_block":2},"minecraft:broken":{"minecraft:netherite_pickaxe":1},"minecraft:picked_up":{"minecraft:netherite_pickaxe":2,"minecraft:light_gray_concrete":65,"minecraft:quartz_block":3101},"minecraft:custom":{"minecraft:time_since_rest":88076,"minecraft:walk_one_cm":243903,"minecraft:leave_game":1,"minecraft:damage_taken":230,"minecraft:play_time":88076,"minecraft:jump":398,"minecraft:time_since_death":88076,"minecraft:drop":3,"minecraft:sprint_one_cm":113877,"minecraft:fall_one_cm":5428,"minecraft:total_world_time":88464,"minecraft:fly_one_cm":450609,"minecraft:crouch_one_cm":3373,"minecraft:sneak_time":1345},"minecraft:used":{"minecraft:grass_block":4,"minecraft:light_gray_concrete":949,"minecraft:netherite_pickaxe":4391,"minecraft:quartz_block":1464,"minecraft:dirt":2}},"DataVersion":4440}