{"stats":{"minecraft:picked_up":{"minecraft:scaffolding":1,"refurbished_furniture:toast":1,"minecraft:stone_button":2,"minecraft:polished_tuff":1,"minecraft:end_rod":1},"minecraft:used":{"minecraft:polished_tuff":50,"minecraft:oak_fence":73,"refurbished_furniture:dark_electricity_generator":16,"refurbished_furniture:dark_toaster":2,"minecraft:end_rod":106,"minecraft:polished_deepslate":9,"minecraft:chiseled_deepslate":9,"minecraft:quartz_slab":10,"minecraft:light_gray_concrete":3,"minecraft:polished_andesite":19,"minecraft:stone_button":9,"minecraft:quartz_block":12,"minecraft:dark_oak_slab":83,"refurbished_furniture:light_electricity_generator":1,"refurbished_furniture:dark_lightswitch":1,"refurbished_furniture:red_basin":1,"refurbished_furniture:dark_ceiling_light":11,"minecraft:chiseled_tuff_bricks":10,"refurbished_furniture:light_lightswitch":1,"refurbished_furniture:dark_fridge":2,"minecraft:gray_glazed_terracotta":10,"minecraft:scaffolding":8,"minecraft:spruce_stairs":26,"refurbished_furniture:oak_drawer":1,"minecraft:smooth_stone":9,"refurbished_furniture:computer":10,"minecraft:lightning_rod":2705,"refurbished_furniture:oak_chair":13,"minecraft:polished_diorite":10,"refurbished_furniture:blue_lamp":1},"minecraft:dropped":{"minecraft:polished_tuff":1},"minecraft:custom":{"minecraft:time_since_rest":59871,"minecraft:sprint_one_cm":2577,"minecraft:walk_one_cm":58222,"minecraft:mob_kills":1,"minecraft:drop":1,"minecraft:damage_dealt":218,"minecraft:fly_one_cm":676254,"minecraft:crouch_one_cm":165,"minecraft:play_time":168664,"minecraft:deaths":1,"minecraft:sneak_time":924,"minecraft:jump":111,"minecraft:leave_game":2,"minecraft:time_since_death":59832,"minecraft:total_world_time":168664},"minecraft:killed":{"minecraft:wandering_trader":1}},"DataVersion":3955}