{"stats":{"minecraft:picked_up":{"minecraft:scaffolding":1,"refurbished_furniture:toast":1,"minecraft:end_rod":1,"minecraft:polished_tuff":1},"minecraft:dropped":{"minecraft:polished_tuff":1},"minecraft:used":{"minecraft:polished_tuff":50,"refurbished_furniture:red_basin":1,"refurbished_furniture:dark_ceiling_light":11,"minecraft:chiseled_tuff_bricks":10,"refurbished_furniture:dark_electricity_generator":11,"refurbished_furniture:dark_toaster":2,"minecraft:end_rod":106,"refurbished_furniture:light_lightswitch":1,"refurbished_furniture:dark_fridge":2,"minecraft:polished_deepslate":9,"minecraft:chiseled_deepslate":9,"minecraft:gray_glazed_terracotta":10,"minecraft:scaffolding":8,"minecraft:light_gray_concrete":2,"minecraft:polished_andesite":19,"minecraft:spruce_stairs":20,"minecraft:stone_button":7,"minecraft:quartz_block":7,"refurbished_furniture:oak_drawer":1,"minecraft:dark_oak_slab":56,"minecraft:lightning_rod":1656,"refurbished_furniture:light_electricity_generator":1,"minecraft:smooth_stone":9,"refurbished_furniture:computer":7,"refurbished_furniture:dark_lightswitch":1,"minecraft:polished_diorite":10,"refurbished_furniture:oak_chair":7,"refurbished_furniture:blue_lamp":1,"minecraft:oak_fence":73},"minecraft:custom":{"minecraft:time_since_rest":14971,"minecraft:crouch_one_cm":105,"minecraft:play_time":123764,"minecraft:sprint_one_cm":2577,"minecraft:deaths":1,"minecraft:walk_one_cm":49878,"minecraft:sneak_time":508,"minecraft:drop":1,"minecraft:jump":89,"minecraft:damage_dealt":10,"minecraft:leave_game":1,"minecraft:time_since_death":14932,"minecraft:total_world_time":123764,"minecraft:fly_one_cm":341923}},"DataVersion":3955}