{"stats":{"minecraft:picked_up":{"refurbished_furniture:toast":2,"minecraft:dried_kelp_block":63,"refurbished_furniture:bread_slice":2},"minecraft:dropped":{"refurbished_furniture:toast":1,"minecraft:end_rod":1},"minecraft:used":{"refurbished_furniture:door_mat":2,"minecraft:polished_tuff":1,"minecraft:dark_oak_stairs":45,"minecraft:light_blue_candle":6,"minecraft:oak_fence":93,"refurbished_furniture:dark_electricity_generator":4,"minecraft:honey_block":1,"minecraft:end_rod":50,"minecraft:light_gray_concrete":6,"refurbished_furniture:warped_dark_ceiling_fan":3,"minecraft:oak_stairs":2,"minecraft:grass_block":3,"minecraft:spruce_stairs":7,"minecraft:stone_button":3,"minecraft:quartz_block":4,"minecraft:dark_oak_slab":76,"minecraft:oak_hanging_sign":1,"refurbished_furniture:light_electricity_generator":3,"refurbished_furniture:computer":33,"minecraft:lightning_rod":1312},"minecraft:custom":{"minecraft:time_since_rest":14971,"minecraft:crouch_one_cm":181,"minecraft:play_time":125387,"minecraft:sprint_one_cm":35477,"minecraft:deaths":1,"minecraft:walk_one_cm":59945,"minecraft:sneak_time":253,"minecraft:drop":2,"minecraft:jump":218,"minecraft:damage_dealt":10,"minecraft:leave_game":1,"minecraft:time_since_death":14922,"minecraft:total_world_time":125543,"minecraft:fly_one_cm":468138}},"DataVersion":3955}