{"stats":{"minecraft:used":{"minecraft:spruce_stairs":49,"minecraft:oak_sign":13,"minecraft:quartz_block":13,"minecraft:dark_oak_slab":30,"refurbished_furniture:oak_chair":3,"minecraft:lightning_rod":818},"minecraft:custom":{"minecraft:jump":228,"minecraft:time_since_rest":45623,"minecraft:crouch_one_cm":231,"minecraft:leave_game":3,"minecraft:play_time":45623,"minecraft:sprint_one_cm":33998,"minecraft:time_since_death":45623,"minecraft:walk_one_cm":63587,"minecraft:sneak_time":245,"minecraft:total_world_time":47384,"minecraft:fly_one_cm":199553}},"DataVersion":3955}