{"stats":{"minecraft:picked_up":{"minecraft:quartz_block":1,"refurbished_furniture:dark_toaster":1},"minecraft:dropped":{"minecraft:quartz_block":1},"minecraft:used":{"minecraft:dark_oak_planks":99,"minecraft:iron_bars":2,"minecraft:quartz_slab":161,"minecraft:light_gray_concrete":212,"minecraft:grass_block":30,"minecraft:dark_oak_sign":1,"minecraft:oak_sign":1,"minecraft:quartz_block":983,"minecraft:dark_oak_slab":820,"minecraft:creeper_head":1,"refurbished_furniture:computer":1},"minecraft:custom":{"minecraft:time_since_rest":43641,"minecraft:sprint_one_cm":73480,"minecraft:crouch_one_cm":1476,"minecraft:play_time":225819,"minecraft:deaths":4,"minecraft:walk_one_cm":255568,"minecraft:sneak_time":1550,"minecraft:drop":1,"minecraft:jump":332,"minecraft:damage_dealt":60,"minecraft:leave_game":10,"minecraft:time_since_death":43507,"minecraft:total_world_time":225819,"minecraft:fly_one_cm":1220359}},"DataVersion":3955}