{"stats":{"minecraft:used":{"refurbished_furniture:dark_electricity_generator":5,"minecraft:dirt":1,"mcwfurnitures:spruce_chair":1,"minecraft:quartz_slab":91,"minecraft:light_gray_concrete":467,"refurbished_furniture:white_sofa":4,"minecraft:grass_block":3,"minecraft:stone_button":239,"minecraft:oak_sign":24,"minecraft:quartz_block":586,"refurbished_furniture:black_sofa":7,"mcwfurnitures:oak_glass_table":1,"minecraft:dark_oak_slab":1047,"mcwfurnitures:cherry_double_kitchen_cabinet":2,"mcwfurnitures:spruce_modern_chair":2,"refurbished_furniture:computer":272,"refurbished_furniture:oak_chair":247},"minecraft:picked_up":{"minecraft:stone_button":9},"minecraft:custom":{"minecraft:time_since_rest":209201,"minecraft:crouch_one_cm":209,"minecraft:play_time":209201,"minecraft:sprint_one_cm":115394,"minecraft:walk_one_cm":469176,"minecraft:sneak_time":279,"minecraft:jump":861,"minecraft:damage_dealt":10,"minecraft:leave_game":1,"minecraft:time_since_death":209201,"minecraft:total_world_time":212271,"minecraft:fly_one_cm":795668}},"DataVersion":3955}