{"stats":{"minecraft:used":{"minecraft:grass_block":45,"minecraft:light_gray_concrete":1361,"minecraft:dirt":4,"minecraft:quartz_block":1223},"minecraft:custom":{"minecraft:sprint_one_cm":56877,"minecraft:time_since_rest":9668,"minecraft:walk_one_cm":191585,"minecraft:total_world_time":59321,"minecraft:leave_game":2,"minecraft:fly_one_cm":301214,"minecraft:sneak_time":19,"minecraft:play_time":59183,"minecraft:damage_dealt":30,"minecraft:deaths":1,"minecraft:jump":165,"minecraft:time_since_death":8804}},"DataVersion":4440}